{
  "accuracy": 0.5,
  "precision": 0.6428571428571429,
  "recall": 0.6428571428571429
}