industry,job_score
건설,1.0
기타,0.8181818181818185
서비스,0.0
제조,0.8989898989898989
