model,r2,rmse
MLPRegressor,-10.013891614586965,31.58657512921248
