age_group,avg_health_score,work_intent_rate,count
65-69,3.0476190476190474,0.5238095238095238,21
70-74,3.0,0.5714285714285714,14
75+,2.646153846153846,0.6,65
